product_id,product_name,category,price
201,Laptop,Electronics,500
202,Headphones,Electronics,500
203,Office Chair,Furniture,400
204,Desk,Furniture,500
205,Keyboard,Accessories,450
206,Mouse,Accessories,300
207,Monitor,Electronics,1200
208,Printer,Electronics,800
209,Lamp,Furniture,250
210,Webcam,Accessories,600
